order_id,item_id,order_quantity,delivery_period_days,ld_rate_per_week,max_ld_percentage,contract_value_per_unit
MOD-ORD-1001,IOL-OPT-001,18,120,0.005,0.1,21251.19
MOD-ORD-1002,IOL-OPT-002,24,180,0.005,0.1,29884.98
MOD-ORD-1003,IOL-OPT-003,19,120,0.005,0.1,30592.28
MOD-ORD-1004,IOL-OPT-004,131,120,0.005,0.1,20639.65
MOD-ORD-1005,IOL-OPT-005,130,120,0.005,0.1,5149.67
MOD-ORD-1006,IOL-OPT-006,134,90,0.005,0.1,23171.29
MOD-ORD-1007,IOL-OPT-007,179,90,0.005,0.1,26894.51
MOD-ORD-1008,IOL-OPT-008,81,90,0.005,0.1,21144.41
MOD-ORD-1009,IOL-OPT-009,161,180,0.005,0.1,23505.79
MOD-ORD-1010,IOL-OPT-010,58,180,0.005,0.1,28543.34
MOD-ORD-1011,IOL-OPT-011,163,90,0.005,0.1,28605.21
MOD-ORD-1012,IOL-OPT-012,100,180,0.005,0.1,17982.34
MOD-ORD-1013,IOL-OPT-013,46,120,0.005,0.1,5811.3
MOD-ORD-1014,IOL-OPT-014,77,120,0.005,0.1,32043.67
MOD-ORD-1015,IOL-OPT-015,59,120,0.005,0.1,32337.62
MOD-ORD-1016,IOL-OPT-016,161,90,0.005,0.1,5895.62
MOD-ORD-1017,IOL-OPT-017,28,180,0.005,0.1,31299.41
MOD-ORD-1018,IOL-OPT-018,109,90,0.005,0.1,25815.69
MOD-ORD-1019,IOL-OPT-019,69,180,0.005,0.1,17407.76
MOD-ORD-1020,IOL-OPT-020,176,120,0.005,0.1,19393.17
MOD-ORD-1021,IOL-OPT-021,98,90,0.005,0.1,12955.06
MOD-ORD-1022,IOL-OPT-022,155,180,0.005,0.1,6473.45
MOD-ORD-1023,IOL-OPT-023,156,180,0.005,0.1,11169.82
MOD-ORD-1024,IOL-OPT-024,173,120,0.005,0.1,29512.19
MOD-ORD-1025,IOL-OPT-025,192,90,0.005,0.1,1650.1
MOD-ORD-1026,IOL-OPT-026,78,90,0.005,0.1,12288.65
MOD-ORD-1027,IOL-OPT-027,184,90,0.005,0.1,12450.57
MOD-ORD-1028,IOL-OPT-028,58,120,0.005,0.1,27449.82
MOD-ORD-1029,IOL-OPT-029,117,90,0.005,0.1,27906.38
MOD-ORD-1030,IOL-OPT-030,170,120,0.005,0.1,13143.79
MOD-ORD-1031,IOL-OPT-031,128,120,0.005,0.1,12484.91
MOD-ORD-1032,IOL-OPT-032,158,120,0.005,0.1,23097.78
MOD-ORD-1033,IOL-OPT-033,159,180,0.005,0.1,14041.5
MOD-ORD-1034,IOL-OPT-034,185,90,0.005,0.1,7768.48
MOD-ORD-1035,IOL-OPT-035,46,90,0.005,0.1,14306.58
MOD-ORD-1036,IOL-OPT-036,152,120,0.005,0.1,9668.34
MOD-ORD-1037,IOL-OPT-037,172,120,0.005,0.1,11022.06
MOD-ORD-1038,IOL-OPT-038,169,90,0.005,0.1,17703.7
MOD-ORD-1039,IOL-OPT-039,20,120,0.005,0.1,12809.1
MOD-ORD-1040,IOL-OPT-040,147,90,0.005,0.1,27563.41
MOD-ORD-1041,IOL-OPT-041,87,180,0.005,0.1,11945.48
MOD-ORD-1042,IOL-OPT-042,86,120,0.005,0.1,16990.78
MOD-ORD-1043,IOL-OPT-043,194,90,0.005,0.1,19458.17
MOD-ORD-1044,IOL-OPT-044,162,120,0.005,0.1,4639.95
MOD-ORD-1045,IOL-OPT-045,11,90,0.005,0.1,21689.84
MOD-ORD-1046,IOL-OPT-046,73,90,0.005,0.1,6147.08
MOD-ORD-1047,IOL-OPT-047,44,120,0.005,0.1,37316.97
MOD-ORD-1048,IOL-OPT-048,16,180,0.005,0.1,6631.87
MOD-ORD-1049,IOL-OPT-049,94,90,0.005,0.1,22267.08
MOD-ORD-1050,IOL-OPT-050,155,90,0.005,0.1,5268.92
MOD-ORD-1051,IOL-OPT-051,76,90,0.005,0.1,39089.05
MOD-ORD-1052,IOL-OPT-052,51,180,0.005,0.1,17298.81
MOD-ORD-1053,IOL-OPT-053,127,180,0.005,0.1,22207.13
MOD-ORD-1054,IOL-OPT-054,134,120,0.005,0.1,11694.92
MOD-ORD-1055,IOL-OPT-055,176,180,0.005,0.1,24118.97
MOD-ORD-1056,IOL-OPT-056,178,120,0.005,0.1,15324.51
MOD-ORD-1057,IOL-OPT-057,33,120,0.005,0.1,27424.91
MOD-ORD-1058,IOL-OPT-058,197,180,0.005,0.1,11652.33
MOD-ORD-1059,IOL-OPT-059,55,120,0.005,0.1,6461.92
MOD-ORD-1060,IOL-OPT-060,28,180,0.005,0.1,6940.74
MOD-ORD-1061,IOL-OPT-061,77,120,0.005,0.1,16085.35
MOD-ORD-1062,IOL-OPT-062,111,180,0.005,0.1,17213.27
MOD-ORD-1063,IOL-OPT-063,51,180,0.005,0.1,5286.06
MOD-ORD-1064,IOL-OPT-064,41,120,0.005,0.1,22973.64
MOD-ORD-1065,IOL-OPT-065,176,90,0.005,0.1,13732.79
MOD-ORD-1066,IOL-OPT-066,118,120,0.005,0.1,22189.11
MOD-ORD-1067,IOL-OPT-067,45,180,0.005,0.1,14934.96
MOD-ORD-1068,IOL-OPT-068,106,90,0.005,0.1,12522.26
MOD-ORD-1069,IOL-OPT-069,173,120,0.005,0.1,17266.19
MOD-ORD-1070,IOL-OPT-070,140,120,0.005,0.1,12667.2
MOD-ORD-1071,IOL-OPT-071,82,120,0.005,0.1,6304.09
MOD-ORD-1072,IOL-OPT-072,145,90,0.005,0.1,26712.52
MOD-ORD-1073,IOL-OPT-073,106,180,0.005,0.1,29122.21
MOD-ORD-1074,IOL-OPT-074,132,120,0.005,0.1,12463.78
MOD-ORD-1075,IOL-OPT-075,79,120,0.005,0.1,8796.89
MOD-ORD-1076,IOL-OPT-076,178,120,0.005,0.1,18872.87
MOD-ORD-1077,IOL-OPT-077,22,120,0.005,0.1,20341.9
MOD-ORD-1078,IOL-OPT-078,58,120,0.005,0.1,2316.77
MOD-ORD-1079,IOL-OPT-079,69,180,0.005,0.1,9047.72
MOD-ORD-1080,IOL-OPT-080,139,180,0.005,0.1,23794.78
MOD-ORD-1081,IOL-OPT-081,197,120,0.005,0.1,20506.01
MOD-ORD-1082,IOL-OPT-082,14,90,0.005,0.1,6419.28
MOD-ORD-1083,IOL-OPT-083,181,180,0.005,0.1,10666.15
MOD-ORD-1084,IOL-OPT-084,36,90,0.005,0.1,8079.5
MOD-ORD-1085,IOL-OPT-085,169,180,0.005,0.1,22324.88
MOD-ORD-1086,IOL-OPT-086,158,120,0.005,0.1,1261.34
MOD-ORD-1087,IOL-OPT-087,17,180,0.005,0.1,4871.27
MOD-ORD-1088,IOL-OPT-088,59,120,0.005,0.1,24550.11
MOD-ORD-1089,IOL-OPT-089,76,180,0.005,0.1,7334.6
MOD-ORD-1090,IOL-OPT-090,53,120,0.005,0.1,21024.41
MOD-ORD-1091,IOL-OPT-091,134,120,0.005,0.1,18862.22
MOD-ORD-1092,IOL-OPT-092,67,120,0.005,0.1,4549.57
MOD-ORD-1093,IOL-OPT-093,12,120,0.005,0.1,7521.77
MOD-ORD-1094,IOL-OPT-094,95,90,0.005,0.1,26905.65
MOD-ORD-1095,IOL-OPT-095,79,120,0.005,0.1,30479.91
MOD-ORD-1096,IOL-OPT-096,139,90,0.005,0.1,27164.67
MOD-ORD-1097,IOL-OPT-097,181,90,0.005,0.1,12788.17
MOD-ORD-1098,IOL-OPT-098,11,120,0.005,0.1,27130.24
MOD-ORD-1099,IOL-OPT-099,111,90,0.005,0.1,11015.4
MOD-ORD-1100,IOL-OPT-100,44,180,0.005,0.1,9317.37
