item_id,vendor_price_per_unit,vendor_lead_time_days,vendor_reliability_score,incoming_qa_hours_per_unit,incoming_qa_cost_per_unit
IOL-OPT-001,12604.57,103,0.97,0.4,340.0
IOL-OPT-002,26359.49,142,0.92,0.16,136.0
IOL-OPT-003,18916.13,91,0.91,0.45,382.5
IOL-OPT-004,21086.59,112,0.8,0.45,382.5
IOL-OPT-005,11635.28,120,0.91,0.11,93.5
IOL-OPT-006,21265.64,90,0.84,0.43,365.5
IOL-OPT-007,59364.71,90,0.91,0.15,127.5
IOL-OPT-008,54623.63,90,0.78,0.23,195.5
IOL-OPT-009,14976.78,55,0.91,0.4,340.0
IOL-OPT-010,15660.55,55,0.99,0.16,136.0
IOL-OPT-011,15512.88,39,0.76,0.43,365.5
IOL-OPT-012,14901.24,46,0.98,0.43,365.5
IOL-OPT-013,3579.48,114,0.85,0.3,255.0
IOL-OPT-014,24629.77,36,0.96,0.1,85.0
IOL-OPT-015,17444.53,120,0.94,0.21,178.5
IOL-OPT-016,5324.59,90,0.89,0.35,297.5
IOL-OPT-017,31425.64,143,0.93,0.49,416.5
IOL-OPT-018,19149.8,90,0.96,0.35,297.5
IOL-OPT-019,13389.27,123,0.85,0.2,170.0
IOL-OPT-020,10673.49,120,0.83,0.35,297.5
IOL-OPT-021,8916.01,90,0.91,0.32,272.0
IOL-OPT-022,13885.95,133,0.94,0.41,348.5
IOL-OPT-023,9302.64,128,0.93,0.14,119.0
IOL-OPT-024,24030.78,74,0.94,0.4,340.0
IOL-OPT-025,927.17,66,0.85,0.32,272.0
IOL-OPT-026,24528.11,90,0.95,0.49,416.5
IOL-OPT-027,9123.46,68,0.78,0.24,204.0
IOL-OPT-028,18837.12,120,0.88,0.35,297.5
IOL-OPT-029,22398.9,90,0.75,0.47,399.5
IOL-OPT-030,22608.79,120,0.83,0.14,119.0
IOL-OPT-031,12285.0,71,0.84,0.47,399.5
IOL-OPT-032,22615.73,95,0.85,0.38,323.0
IOL-OPT-033,7504.76,71,0.92,0.13,110.5
IOL-OPT-034,8067.09,90,0.84,0.22,187.0
IOL-OPT-035,8848.73,47,0.86,0.38,323.0
IOL-OPT-036,9781.34,120,0.81,0.13,110.5
IOL-OPT-037,6153.36,75,0.84,0.33,280.5
IOL-OPT-038,12476.14,90,0.8,0.24,204.0
IOL-OPT-039,7274.75,91,0.77,0.35,297.5
IOL-OPT-040,21281.96,86,0.89,0.12,102.0
IOL-OPT-041,9851.95,137,0.91,0.45,382.5
IOL-OPT-042,17588.41,39,0.9,0.49,416.5
IOL-OPT-043,11083.03,90,0.86,0.49,416.5
IOL-OPT-044,3685.78,94,0.84,0.4,340.0
IOL-OPT-045,14018.54,32,0.96,0.15,127.5
IOL-OPT-046,4705.92,90,0.87,0.4,340.0
IOL-OPT-047,25062.19,97,0.87,0.11,93.5
IOL-OPT-048,5935.99,66,0.76,0.11,93.5
IOL-OPT-049,12106.63,90,0.83,0.23,195.5
IOL-OPT-050,5251.53,90,0.84,0.3,255.0
IOL-OPT-051,29118.42,78,0.85,0.41,348.5
IOL-OPT-052,12560.11,97,0.89,0.37,314.5
IOL-OPT-053,14115.09,66,0.88,0.28,238.0
IOL-OPT-054,27249.35,120,0.9,0.21,178.5
IOL-OPT-055,19990.07,68,0.93,0.5,425.0
IOL-OPT-056,15024.29,75,0.95,0.27,229.5
IOL-OPT-057,22905.26,91,0.92,0.28,238.0
IOL-OPT-058,24521.74,144,0.98,0.17,144.5
IOL-OPT-059,5877.6,33,0.75,0.42,357.0
IOL-OPT-060,4460.2,49,0.8,0.38,323.0
IOL-OPT-061,15423.69,83,0.75,0.19,161.5
IOL-OPT-062,14438.82,138,0.91,0.13,110.5
IOL-OPT-063,3089.83,136,0.97,0.37,314.5
IOL-OPT-064,14102.16,119,0.81,0.36,306.0
IOL-OPT-065,7428.12,32,0.97,0.21,178.5
IOL-OPT-066,21141.85,34,0.76,0.48,408.0
IOL-OPT-067,8242.87,76,0.97,0.16,136.0
IOL-OPT-068,19866.68,90,0.83,0.27,229.5
IOL-OPT-069,17366.06,120,0.77,0.48,408.0
IOL-OPT-070,7758.25,120,0.87,0.27,229.5
IOL-OPT-071,4983.79,111,0.81,0.36,306.0
IOL-OPT-072,23637.39,90,0.82,0.26,221.0
IOL-OPT-073,28830.02,128,0.82,0.21,178.5
IOL-OPT-074,19905.86,120,0.94,0.49,416.5
IOL-OPT-075,8697.09,120,0.88,0.26,221.0
IOL-OPT-076,26868.9,120,0.82,0.46,391.0
IOL-OPT-077,13432.02,120,0.9,0.19,161.5
IOL-OPT-078,1784.93,96,0.92,0.19,161.5
IOL-OPT-079,23079.37,180,0.82,0.11,93.5
IOL-OPT-080,12854.42,108,0.85,0.36,306.0
IOL-OPT-081,17709.08,34,0.78,0.25,212.5
IOL-OPT-082,5811.55,90,0.79,0.45,382.5
IOL-OPT-083,7837.97,108,0.91,0.29,246.5
IOL-OPT-084,4236.81,34,0.79,0.49,416.5
IOL-OPT-085,12215.98,47,0.88,0.17,144.5
IOL-OPT-086,711.43,89,0.92,0.45,382.5
IOL-OPT-087,2819.75,57,0.78,0.41,348.5
IOL-OPT-088,13783.89,110,0.89,0.41,348.5
IOL-OPT-089,4062.16,74,0.81,0.44,374.0
IOL-OPT-090,16240.94,120,0.98,0.4,340.0
IOL-OPT-091,18762.3,96,0.87,0.35,297.5
IOL-OPT-092,3199.28,120,0.94,0.15,127.5
IOL-OPT-093,6058.41,106,0.88,0.11,93.5
IOL-OPT-094,17786.2,35,0.76,0.47,399.5
IOL-OPT-095,24191.94,109,0.9,0.35,297.5
IOL-OPT-096,23505.02,90,0.98,0.42,357.0
IOL-OPT-097,7721.88,77,0.89,0.29,246.5
IOL-OPT-098,60454.29,120,0.95,0.15,127.5
IOL-OPT-099,9755.65,71,0.96,0.15,127.5
IOL-OPT-100,5375.72,56,0.8,0.37,314.5
