Order_ID,Item_ID,Demand,Make_In_House_Qty,Buy_External_Qty,Is_Critical,Decision
MOD-ORD-1001,IOL-OPT-001,18,0.0,18.0,False,BUY
MOD-ORD-1002,IOL-OPT-002,24,0.0,24.0,False,BUY
MOD-ORD-1003,IOL-OPT-003,19,0.0,19.0,False,BUY
MOD-ORD-1004,IOL-OPT-004,131,131.0,0.0,False,MAKE
MOD-ORD-1005,IOL-OPT-005,130,130.0,0.0,True,MAKE
MOD-ORD-1006,IOL-OPT-006,134,134.0,0.0,False,MAKE
MOD-ORD-1007,IOL-OPT-007,179,179.0,0.0,True,MAKE
MOD-ORD-1008,IOL-OPT-008,81,81.0,0.0,True,MAKE
MOD-ORD-1009,IOL-OPT-009,161,0.0,161.0,False,BUY
MOD-ORD-1010,IOL-OPT-010,58,0.0,58.0,False,BUY
MOD-ORD-1011,IOL-OPT-011,163,0.0,163.0,False,BUY
MOD-ORD-1012,IOL-OPT-012,100,0.0,100.0,False,BUY
MOD-ORD-1013,IOL-OPT-013,46,0.0,46.0,False,BUY
MOD-ORD-1014,IOL-OPT-014,77,0.0,77.0,False,BUY
MOD-ORD-1015,IOL-OPT-015,59,0.0,59.0,False,BUY
MOD-ORD-1016,IOL-OPT-016,161,161.0,0.0,False,MAKE
MOD-ORD-1017,IOL-OPT-017,28,28.0,0.0,False,MAKE
MOD-ORD-1018,IOL-OPT-018,109,0.0,109.0,False,BUY
MOD-ORD-1019,IOL-OPT-019,69,0.0,69.0,False,BUY
MOD-ORD-1020,IOL-OPT-020,176,0.0,176.0,False,BUY
MOD-ORD-1021,IOL-OPT-021,98,0.0,98.0,False,BUY
MOD-ORD-1022,IOL-OPT-022,155,155.0,0.0,True,MAKE
MOD-ORD-1023,IOL-OPT-023,156,0.0,156.0,False,BUY
MOD-ORD-1024,IOL-OPT-024,173,0.0,173.0,False,BUY
MOD-ORD-1025,IOL-OPT-025,192,0.0,192.0,False,BUY
MOD-ORD-1026,IOL-OPT-026,78,78.0,0.0,True,MAKE
MOD-ORD-1027,IOL-OPT-027,184,0.0,184.0,False,BUY
MOD-ORD-1028,IOL-OPT-028,58,0.0,58.0,False,BUY
MOD-ORD-1029,IOL-OPT-029,117,0.0,117.0,False,BUY
MOD-ORD-1030,IOL-OPT-030,170,170.0,0.0,True,MAKE
MOD-ORD-1031,IOL-OPT-031,128,128.0,0.0,False,MAKE
MOD-ORD-1032,IOL-OPT-032,158,158.0,0.0,False,MAKE
MOD-ORD-1033,IOL-OPT-033,159,0.0,159.0,False,BUY
MOD-ORD-1034,IOL-OPT-034,185,185.0,0.0,False,MAKE
MOD-ORD-1035,IOL-OPT-035,46,0.0,46.0,False,BUY
MOD-ORD-1036,IOL-OPT-036,152,152.0,0.0,False,MAKE
MOD-ORD-1037,IOL-OPT-037,172,0.0,172.0,False,BUY
MOD-ORD-1038,IOL-OPT-038,169,0.0,169.0,False,BUY
MOD-ORD-1039,IOL-OPT-039,20,0.0,20.0,False,BUY
MOD-ORD-1040,IOL-OPT-040,147,0.0,147.0,False,BUY
MOD-ORD-1041,IOL-OPT-041,87,0.0,87.0,False,BUY
MOD-ORD-1042,IOL-OPT-042,86,86.0,0.0,False,MAKE
MOD-ORD-1043,IOL-OPT-043,194,0.0,194.0,False,BUY
MOD-ORD-1044,IOL-OPT-044,162,0.0,162.0,False,BUY
MOD-ORD-1045,IOL-OPT-045,11,0.0,11.0,False,BUY
MOD-ORD-1046,IOL-OPT-046,73,0.0,73.0,False,BUY
MOD-ORD-1047,IOL-OPT-047,44,0.0,44.0,False,BUY
MOD-ORD-1048,IOL-OPT-048,16,0.0,16.0,False,BUY
MOD-ORD-1049,IOL-OPT-049,94,0.0,94.0,False,BUY
MOD-ORD-1050,IOL-OPT-050,155,155.0,0.0,False,MAKE
MOD-ORD-1051,IOL-OPT-051,76,0.0,76.0,False,BUY
MOD-ORD-1052,IOL-OPT-052,51,0.0,51.0,False,BUY
MOD-ORD-1053,IOL-OPT-053,127,0.0,127.0,False,BUY
MOD-ORD-1054,IOL-OPT-054,134,134.0,0.0,True,MAKE
MOD-ORD-1055,IOL-OPT-055,176,0.0,176.0,False,BUY
MOD-ORD-1056,IOL-OPT-056,178,178.0,0.0,False,MAKE
MOD-ORD-1057,IOL-OPT-057,33,0.0,33.0,False,BUY
MOD-ORD-1058,IOL-OPT-058,197,197.0,0.0,True,MAKE
MOD-ORD-1059,IOL-OPT-059,55,0.0,55.0,False,BUY
MOD-ORD-1060,IOL-OPT-060,28,0.0,28.0,False,BUY
MOD-ORD-1061,IOL-OPT-061,77,77.0,0.0,False,MAKE
MOD-ORD-1062,IOL-OPT-062,111,0.0,111.0,False,BUY
MOD-ORD-1063,IOL-OPT-063,51,0.0,51.0,False,BUY
MOD-ORD-1064,IOL-OPT-064,41,0.0,41.0,False,BUY
MOD-ORD-1065,IOL-OPT-065,176,0.0,176.0,False,BUY
MOD-ORD-1066,IOL-OPT-066,118,118.0,0.0,False,MAKE
MOD-ORD-1067,IOL-OPT-067,45,0.0,45.0,False,BUY
MOD-ORD-1068,IOL-OPT-068,106,106.0,0.0,True,MAKE
MOD-ORD-1069,IOL-OPT-069,173,173.0,0.0,False,MAKE
MOD-ORD-1070,IOL-OPT-070,140,0.0,140.0,False,BUY
MOD-ORD-1071,IOL-OPT-071,82,0.0,82.0,False,BUY
MOD-ORD-1072,IOL-OPT-072,145,0.0,145.0,False,BUY
MOD-ORD-1073,IOL-OPT-073,106,106.0,0.0,False,MAKE
MOD-ORD-1074,IOL-OPT-074,132,132.0,0.0,True,MAKE
MOD-ORD-1075,IOL-OPT-075,79,79.0,0.0,False,MAKE
MOD-ORD-1076,IOL-OPT-076,178,178.0,0.0,True,MAKE
MOD-ORD-1077,IOL-OPT-077,22,0.0,22.0,False,BUY
MOD-ORD-1078,IOL-OPT-078,58,0.0,58.0,False,BUY
MOD-ORD-1079,IOL-OPT-079,69,69.0,0.0,True,MAKE
MOD-ORD-1080,IOL-OPT-080,139,0.0,139.0,False,BUY
MOD-ORD-1081,IOL-OPT-081,197,0.0,197.0,False,BUY
MOD-ORD-1082,IOL-OPT-082,14,0.0,14.0,False,BUY
MOD-ORD-1083,IOL-OPT-083,181,0.0,181.0,False,BUY
MOD-ORD-1084,IOL-OPT-084,36,0.0,36.0,False,BUY
MOD-ORD-1085,IOL-OPT-085,169,0.0,169.0,False,BUY
MOD-ORD-1086,IOL-OPT-086,158,0.0,158.0,False,BUY
MOD-ORD-1087,IOL-OPT-087,17,0.0,17.0,False,BUY
MOD-ORD-1088,IOL-OPT-088,59,0.0,59.0,False,BUY
MOD-ORD-1089,IOL-OPT-089,76,0.0,76.0,False,BUY
MOD-ORD-1090,IOL-OPT-090,53,0.0,53.0,False,BUY
MOD-ORD-1091,IOL-OPT-091,134,134.0,0.0,False,MAKE
MOD-ORD-1092,IOL-OPT-092,67,0.0,67.0,False,BUY
MOD-ORD-1093,IOL-OPT-093,12,0.0,12.0,False,BUY
MOD-ORD-1094,IOL-OPT-094,95,0.0,95.0,False,BUY
MOD-ORD-1095,IOL-OPT-095,79,0.0,79.0,False,BUY
MOD-ORD-1096,IOL-OPT-096,139,0.0,139.0,False,BUY
MOD-ORD-1097,IOL-OPT-097,181,0.0,181.0,False,BUY
MOD-ORD-1098,IOL-OPT-098,11,11.0,0.0,True,MAKE
MOD-ORD-1099,IOL-OPT-099,111,0.0,111.0,False,BUY
MOD-ORD-1100,IOL-OPT-100,44,0.0,44.0,False,BUY
