machine_id,available_weekly_hours,existing_wip_hours,operating_cost_per_hour
CNC_MILL,2340.0,45.0,1500.0
CNC_MILL_2,2340.0,0.0,1500.0
CNC_MILL_3,2340.0,0.0,1500.0
CNC_MILL_4,2340.0,0.0,1500.0
CNC_MILL_5,2340.0,0.0,1500.0
LENS_POLISHER,2080.0,20.0,800.0
LENS_POLISHER_2,2080.0,0.0,800.0
LENS_POLISHER_3,2080.0,0.0,800.0
LENS_POLISHER_4,2080.0,0.0,800.0
LENS_POLISHER_5,2080.0,0.0,800.0
COATING_CHAMBER,1820.0,50.0,3000.0
COATING_CHAMBER_2,1820.0,0.0,3000.0
COATING_CHAMBER_3,1820.0,0.0,3000.0
COATING_CHAMBER_4,1820.0,0.0,3000.0
COATING_CHAMBER_5,1820.0,0.0,3000.0
ASSEMBLY_STATION,2340.0,30.0,500.0
ASSEMBLY_STATION_2,2340.0,0.0,500.0
ASSEMBLY_STATION_3,2340.0,0.0,500.0
ASSEMBLY_STATION_4,2340.0,0.0,500.0
ASSEMBLY_STATION_5,2340.0,0.0,500.0
TESTING_RIG,1560.0,15.0,1000.0
TESTING_RIG_2,1560.0,0.0,1000.0
TESTING_RIG_3,1560.0,0.0,1000.0
TESTING_RIG_4,1560.0,0.0,1000.0
TESTING_RIG_5,1560.0,0.0,1000.0
