item_id,transaction_complexity,supplier_rel_value,customer_perception
IOL-OPT-001,4,8,2
IOL-OPT-002,1,2,7
IOL-OPT-003,-2,8,8
IOL-OPT-004,5,4,-5
IOL-OPT-005,-4,-8,-8
IOL-OPT-006,-6,-7,-1
IOL-OPT-007,2,0,8
IOL-OPT-008,2,-6,-6
IOL-OPT-009,6,-8,6
IOL-OPT-010,3,7,6
IOL-OPT-011,0,-3,5
IOL-OPT-012,1,8,5
IOL-OPT-013,3,-4,-7
IOL-OPT-014,8,-4,4
IOL-OPT-015,-3,-3,5
IOL-OPT-016,-2,-6,-2
IOL-OPT-017,5,-4,-6
IOL-OPT-018,4,-4,6
IOL-OPT-019,-1,1,5
IOL-OPT-020,1,1,2
IOL-OPT-021,0,8,6
IOL-OPT-022,-7,5,4
IOL-OPT-023,-4,0,-3
IOL-OPT-024,-4,5,-6
IOL-OPT-025,-3,-8,6
IOL-OPT-026,-1,4,-4
IOL-OPT-027,7,4,1
IOL-OPT-028,4,-5,-2
IOL-OPT-029,-8,-8,8
IOL-OPT-030,8,8,-2
IOL-OPT-031,-2,-1,3
IOL-OPT-032,4,-7,8
IOL-OPT-033,-5,-1,4
IOL-OPT-034,-5,-2,-5
IOL-OPT-035,-3,-7,1
IOL-OPT-036,3,-6,-6
IOL-OPT-037,-2,3,0
IOL-OPT-038,1,-8,4
IOL-OPT-039,-2,3,6
IOL-OPT-040,-6,-4,-5
IOL-OPT-041,4,8,6
IOL-OPT-042,4,7,-7
IOL-OPT-043,-1,6,6
IOL-OPT-044,0,6,-1
IOL-OPT-045,-2,-4,-1
IOL-OPT-046,-8,5,8
IOL-OPT-047,-6,-7,3
IOL-OPT-048,4,2,1
IOL-OPT-049,8,-2,0
IOL-OPT-050,-8,-3,-4
IOL-OPT-051,-3,-7,-3
IOL-OPT-052,-3,-3,-7
IOL-OPT-053,3,-7,4
IOL-OPT-054,4,6,-3
IOL-OPT-055,4,-7,-4
IOL-OPT-056,6,-3,-8
IOL-OPT-057,7,-8,-3
IOL-OPT-058,2,6,-3
IOL-OPT-059,-4,1,7
IOL-OPT-060,-5,8,-5
IOL-OPT-061,-6,-4,2
IOL-OPT-062,6,-5,0
IOL-OPT-063,0,1,-6
IOL-OPT-064,8,8,-1
IOL-OPT-065,5,1,-4
IOL-OPT-066,6,8,-5
IOL-OPT-067,-8,-4,-3
IOL-OPT-068,-6,-7,-7
IOL-OPT-069,7,-3,2
IOL-OPT-070,2,-7,-5
IOL-OPT-071,3,4,6
IOL-OPT-072,1,2,-3
IOL-OPT-073,7,2,8
IOL-OPT-074,-1,7,-3
IOL-OPT-075,-3,2,-7
IOL-OPT-076,3,6,6
IOL-OPT-077,-1,7,2
IOL-OPT-078,-5,2,-1
IOL-OPT-079,-1,7,4
IOL-OPT-080,-4,-1,3
IOL-OPT-081,0,-5,-4
IOL-OPT-082,-5,-1,-3
IOL-OPT-083,8,-5,-5
IOL-OPT-084,0,-6,-8
IOL-OPT-085,-8,-6,8
IOL-OPT-086,4,-4,3
IOL-OPT-087,7,1,6
IOL-OPT-088,4,-3,-8
IOL-OPT-089,5,-8,5
IOL-OPT-090,-6,-4,-3
IOL-OPT-091,-3,0,-4
IOL-OPT-092,-4,3,2
IOL-OPT-093,6,5,-5
IOL-OPT-094,-7,-7,4
IOL-OPT-095,1,8,2
IOL-OPT-096,4,5,-6
IOL-OPT-097,-4,4,-8
IOL-OPT-098,-8,0,-3
IOL-OPT-099,-8,6,1
IOL-OPT-100,6,6,-4
