item_id,description,is_critical_component,raw_material_cost_per_unit,expected_scrap_percentage,labor_cost_per_unit
IOL-OPT-001,Opto-Electronic Assembly 1,False,14215.3,0.073,749.45
IOL-OPT-002,Opto-Electronic Assembly 2,False,17476.94,0.011,1440.86
IOL-OPT-003,Opto-Electronic Assembly 3,False,23077.98,0.016,1178.39
IOL-OPT-004,Opto-Electronic Assembly 4,False,17739.52,0.025,1018.39
IOL-OPT-005,Opto-Electronic Assembly 5,True,3982.97,0.012,487.22
IOL-OPT-006,Opto-Electronic Assembly 6,False,14491.95,0.023,487.19
IOL-OPT-007,Opto-Electronic Assembly 7,True,15246.53,0.051,369.7
IOL-OPT-008,Opto-Electronic Assembly 8,True,10718.44,0.039,1339.41
IOL-OPT-009,Opto-Electronic Assembly 9,False,18463.82,0.072,1021.34
IOL-OPT-010,Opto-Electronic Assembly 10,False,23372.3,0.067,1149.69
IOL-OPT-011,Opto-Electronic Assembly 11,False,23154.1,0.034,324.7
IOL-OPT-012,Opto-Electronic Assembly 12,False,11380.82,0.028,1463.89
IOL-OPT-013,Opto-Electronic Assembly 13,False,3008.3,0.037,1298.93
IOL-OPT-014,Opto-Electronic Assembly 14,False,24624.06,0.051,554.81
IOL-OPT-015,Opto-Electronic Assembly 15,False,21004.67,0.029,518.19
IOL-OPT-016,Opto-Electronic Assembly 16,False,3291.63,0.054,520.09
IOL-OPT-017,Opto-Electronic Assembly 17,False,23036.88,0.039,665.09
IOL-OPT-018,Opto-Electronic Assembly 18,False,21773.43,0.049,929.71
IOL-OPT-019,Opto-Electronic Assembly 19,False,13067.18,0.041,818.33
IOL-OPT-020,Opto-Electronic Assembly 20,False,14863.63,0.031,649.47
IOL-OPT-021,Opto-Electronic Assembly 21,False,10095.27,0.076,1034.22
IOL-OPT-022,Opto-Electronic Assembly 22,True,1558.09,0.063,467.39
IOL-OPT-023,Opto-Electronic Assembly 23,False,8512.89,0.02,650.57
IOL-OPT-024,Opto-Electronic Assembly 24,False,20110.77,0.071,739.63
IOL-OPT-025,Opto-Electronic Assembly 25,False,314.87,0.044,847.28
IOL-OPT-026,Opto-Electronic Assembly 26,True,8470.78,0.073,1242.21
IOL-OPT-027,Opto-Electronic Assembly 27,False,10074.58,0.066,539.61
IOL-OPT-028,Opto-Electronic Assembly 28,False,13527.41,0.04,917.08
IOL-OPT-029,Opto-Electronic Assembly 29,False,23012.42,0.012,1010.9
IOL-OPT-030,Opto-Electronic Assembly 30,True,8789.38,0.029,355.74
IOL-OPT-031,Opto-Electronic Assembly 31,False,8804.44,0.048,1029.05
IOL-OPT-032,Opto-Electronic Assembly 32,False,18490.03,0.054,504.63
IOL-OPT-033,Opto-Electronic Assembly 33,False,11415.0,0.028,378.06
IOL-OPT-034,Opto-Electronic Assembly 34,False,5770.2,0.02,1438.66
IOL-OPT-035,Opto-Electronic Assembly 35,False,11420.5,0.068,1458.76
IOL-OPT-036,Opto-Electronic Assembly 36,False,3693.25,0.079,1270.08
IOL-OPT-037,Opto-Electronic Assembly 37,False,4574.4,0.047,665.54
IOL-OPT-038,Opto-Electronic Assembly 38,False,12559.52,0.022,417.21
IOL-OPT-039,Opto-Electronic Assembly 39,False,10589.35,0.029,1121.08
IOL-OPT-040,Opto-Electronic Assembly 40,False,22888.18,0.011,828.18
IOL-OPT-041,Opto-Electronic Assembly 41,False,9187.37,0.074,446.45
IOL-OPT-042,Opto-Electronic Assembly 42,False,14598.59,0.018,894.21
IOL-OPT-043,Opto-Electronic Assembly 43,False,15880.15,0.05,341.27
IOL-OPT-044,Opto-Electronic Assembly 44,False,524.74,0.029,1391.18
IOL-OPT-045,Opto-Electronic Assembly 45,False,16655.73,0.049,610.54
IOL-OPT-046,Opto-Electronic Assembly 46,False,4615.29,0.056,1095.03
IOL-OPT-047,Opto-Electronic Assembly 47,False,24034.54,0.068,674.05
IOL-OPT-048,Opto-Electronic Assembly 48,False,3886.84,0.024,924.08
IOL-OPT-049,Opto-Electronic Assembly 49,False,10482.68,0.011,956.05
IOL-OPT-050,Opto-Electronic Assembly 50,False,2316.67,0.02,521.83
IOL-OPT-051,Opto-Electronic Assembly 51,False,24922.48,0.073,1463.5
IOL-OPT-052,Opto-Electronic Assembly 52,False,12654.44,0.071,1230.16
IOL-OPT-053,Opto-Electronic Assembly 53,False,14965.55,0.052,1427.4
IOL-OPT-054,Opto-Electronic Assembly 54,True,1863.5,0.052,1373.79
IOL-OPT-055,Opto-Electronic Assembly 55,False,18799.02,0.057,1017.48
IOL-OPT-056,Opto-Electronic Assembly 56,False,5405.66,0.022,1406.25
IOL-OPT-057,Opto-Electronic Assembly 57,False,22471.75,0.074,406.19
IOL-OPT-058,Opto-Electronic Assembly 58,True,5287.46,0.039,535.18
IOL-OPT-059,Opto-Electronic Assembly 59,False,4929.06,0.037,354.27
IOL-OPT-060,Opto-Electronic Assembly 60,False,1106.43,0.046,690.4
IOL-OPT-061,Opto-Electronic Assembly 61,False,11907.26,0.013,766.41
IOL-OPT-062,Opto-Electronic Assembly 62,False,14208.06,0.022,625.62
IOL-OPT-063,Opto-Electronic Assembly 63,False,1829.57,0.062,1294.49
IOL-OPT-064,Opto-Electronic Assembly 64,False,19433.08,0.016,728.1
IOL-OPT-065,Opto-Electronic Assembly 65,False,11441.56,0.052,637.12
IOL-OPT-066,Opto-Electronic Assembly 66,False,13204.88,0.027,951.24
IOL-OPT-067,Opto-Electronic Assembly 67,False,11130.92,0.037,469.11
IOL-OPT-068,Opto-Electronic Assembly 68,True,10138.92,0.03,1262.64
IOL-OPT-069,Opto-Electronic Assembly 69,False,14079.08,0.035,389.46
IOL-OPT-070,Opto-Electronic Assembly 70,False,4049.96,0.06,1484.26
IOL-OPT-071,Opto-Electronic Assembly 71,False,4711.82,0.031,1226.69
IOL-OPT-072,Opto-Electronic Assembly 72,False,21572.28,0.05,538.46
IOL-OPT-073,Opto-Electronic Assembly 73,False,23663.66,0.043,306.63
IOL-OPT-074,Opto-Electronic Assembly 74,True,9458.07,0.056,1278.55
IOL-OPT-075,Opto-Electronic Assembly 75,False,6914.47,0.076,1148.23
IOL-OPT-076,Opto-Electronic Assembly 76,True,16171.19,0.061,1174.81
IOL-OPT-077,Opto-Electronic Assembly 77,False,10336.61,0.025,1225.52
IOL-OPT-078,Opto-Electronic Assembly 78,False,829.58,0.012,388.85
IOL-OPT-079,Opto-Electronic Assembly 79,True,4072.58,0.028,730.16
IOL-OPT-080,Opto-Electronic Assembly 80,False,17956.11,0.052,439.04
IOL-OPT-081,Opto-Electronic Assembly 81,False,16541.31,0.014,1335.72
IOL-OPT-082,Opto-Electronic Assembly 82,False,871.98,0.045,1047.96
IOL-OPT-083,Opto-Electronic Assembly 83,False,5704.91,0.052,697.08
IOL-OPT-084,Opto-Electronic Assembly 84,False,5930.65,0.033,376.27
IOL-OPT-085,Opto-Electronic Assembly 85,False,16862.94,0.064,673.18
IOL-OPT-086,Opto-Electronic Assembly 86,False,688.82,0.017,690.22
IOL-OPT-087,Opto-Electronic Assembly 87,False,2781.89,0.015,1175.53
IOL-OPT-088,Opto-Electronic Assembly 88,False,20037.92,0.061,1065.07
IOL-OPT-089,Opto-Electronic Assembly 89,False,4627.91,0.045,1364.66
IOL-OPT-090,Opto-Electronic Assembly 90,False,16388.1,0.058,866.66
IOL-OPT-091,Opto-Electronic Assembly 91,False,6106.93,0.04,443.51
IOL-OPT-092,Opto-Electronic Assembly 92,False,2666.15,0.027,1155.89
IOL-OPT-093,Opto-Electronic Assembly 93,False,6230.67,0.067,1212.94
IOL-OPT-094,Opto-Electronic Assembly 94,False,18112.22,0.066,973.53
IOL-OPT-095,Opto-Electronic Assembly 95,False,21421.27,0.059,1225.16
IOL-OPT-096,Opto-Electronic Assembly 96,False,20789.45,0.029,892.55
IOL-OPT-097,Opto-Electronic Assembly 97,False,10050.15,0.051,927.28
IOL-OPT-098,Opto-Electronic Assembly 98,True,16768.51,0.035,813.05
IOL-OPT-099,Opto-Electronic Assembly 99,False,5283.61,0.016,330.5
IOL-OPT-100,Opto-Electronic Assembly 100,False,7470.06,0.074,429.47
