item_id,operation_sequence,machine_id,setup_hours,run_hours_per_unit
IOL-OPT-001,10,LENS_POLISHER,6.5,1.53
IOL-OPT-001,20,TESTING_RIG,4.1,0.34
IOL-OPT-001,30,COATING_CHAMBER,4.2,0.9
IOL-OPT-002,10,CNC_MILL,1.0,2.48
IOL-OPT-002,20,COATING_CHAMBER,5.3,1.57
IOL-OPT-002,30,ASSEMBLY_STATION,1.0,0.16
IOL-OPT-003,10,CNC_MILL,3.0,0.98
IOL-OPT-003,20,ASSEMBLY_STATION,4.2,1.98
IOL-OPT-003,30,LENS_POLISHER,2.4,1.33
IOL-OPT-004,10,LENS_POLISHER,2.2,0.26
IOL-OPT-005,10,CNC_MILL,3.1,0.33
IOL-OPT-006,10,TESTING_RIG,1.2,2.28
IOL-OPT-006,20,LENS_POLISHER,2.8,1.69
IOL-OPT-006,30,CNC_MILL,3.2,1.35
IOL-OPT-007,10,TESTING_RIG,6.9,1.18
IOL-OPT-007,20,COATING_CHAMBER,3.8,2.32
IOL-OPT-008,10,TESTING_RIG,6.9,1.89
IOL-OPT-008,20,COATING_CHAMBER,4.8,1.51
IOL-OPT-008,30,LENS_POLISHER,7.8,1.56
IOL-OPT-009,10,LENS_POLISHER,1.5,2.47
IOL-OPT-010,10,LENS_POLISHER,2.4,1.81
IOL-OPT-011,10,ASSEMBLY_STATION,3.5,0.38
IOL-OPT-011,20,LENS_POLISHER,7.0,1.6
IOL-OPT-011,30,TESTING_RIG,3.3,0.25
IOL-OPT-012,10,ASSEMBLY_STATION,4.9,1.02
IOL-OPT-012,20,CNC_MILL,7.8,2.14
IOL-OPT-012,30,LENS_POLISHER,6.1,0.67
IOL-OPT-013,10,LENS_POLISHER,1.8,1.15
IOL-OPT-013,20,ASSEMBLY_STATION,2.4,2.25
IOL-OPT-014,10,COATING_CHAMBER,2.7,1.08
IOL-OPT-015,10,COATING_CHAMBER,5.2,1.77
IOL-OPT-015,20,LENS_POLISHER,7.2,1.6
IOL-OPT-015,30,CNC_MILL,3.1,0.35
IOL-OPT-016,10,TESTING_RIG,7.3,0.86
IOL-OPT-016,20,CNC_MILL,1.8,0.65
IOL-OPT-017,10,LENS_POLISHER,3.1,0.5
IOL-OPT-017,20,COATING_CHAMBER,4.7,1.26
IOL-OPT-018,10,ASSEMBLY_STATION,3.3,1.35
IOL-OPT-019,10,COATING_CHAMBER,2.8,0.69
IOL-OPT-020,10,TESTING_RIG,3.0,0.19
IOL-OPT-020,20,ASSEMBLY_STATION,5.3,1.31
IOL-OPT-020,30,CNC_MILL,1.4,0.77
IOL-OPT-021,10,TESTING_RIG_2,4.7,1.17
IOL-OPT-022,10,CNC_MILL_2,2.7,1.85
IOL-OPT-022,20,LENS_POLISHER_2,3.6,1.62
IOL-OPT-023,10,LENS_POLISHER_2,3.2,0.55
IOL-OPT-023,20,ASSEMBLY_STATION_2,1.3,1.52
IOL-OPT-024,10,TESTING_RIG_2,6.7,0.94
IOL-OPT-024,20,CNC_MILL_2,1.7,2.36
IOL-OPT-024,30,LENS_POLISHER_2,3.8,1.34
IOL-OPT-025,10,LENS_POLISHER_2,2.5,1.4
IOL-OPT-026,10,CNC_MILL_2,4.9,1.37
IOL-OPT-026,20,ASSEMBLY_STATION_2,2.7,0.32
IOL-OPT-027,10,LENS_POLISHER_2,3.4,0.94
IOL-OPT-028,10,CNC_MILL_2,7.2,2.14
IOL-OPT-028,20,COATING_CHAMBER_2,7.5,1.98
IOL-OPT-028,30,LENS_POLISHER_2,5.7,1.49
IOL-OPT-029,10,LENS_POLISHER_2,3.0,0.83
IOL-OPT-029,20,ASSEMBLY_STATION_2,4.4,1.18
IOL-OPT-030,10,COATING_CHAMBER_2,2.7,0.88
IOL-OPT-031,10,TESTING_RIG_2,1.7,0.98
IOL-OPT-031,20,LENS_POLISHER_2,2.9,0.69
IOL-OPT-031,30,ASSEMBLY_STATION_2,7.8,1.04
IOL-OPT-032,10,ASSEMBLY_STATION_2,4.5,1.48
IOL-OPT-032,20,CNC_MILL_2,4.4,0.57
IOL-OPT-033,10,CNC_MILL_2,5.5,0.53
IOL-OPT-034,10,COATING_CHAMBER_2,3.6,0.14
IOL-OPT-034,20,ASSEMBLY_STATION_2,7.5,1.13
IOL-OPT-035,10,TESTING_RIG_2,3.1,1.02
IOL-OPT-036,10,TESTING_RIG_2,3.6,1.05
IOL-OPT-036,20,LENS_POLISHER_2,6.9,2.33
IOL-OPT-036,30,COATING_CHAMBER_2,1.5,0.6
IOL-OPT-037,10,CNC_MILL_2,7.1,1.88
IOL-OPT-037,20,TESTING_RIG_2,5.9,1.79
IOL-OPT-037,30,ASSEMBLY_STATION_2,3.5,0.8
IOL-OPT-038,10,ASSEMBLY_STATION_2,5.3,0.3
IOL-OPT-038,20,CNC_MILL_2,1.0,1.61
IOL-OPT-038,30,TESTING_RIG_2,2.4,0.27
IOL-OPT-039,10,LENS_POLISHER_2,3.6,0.33
IOL-OPT-039,20,CNC_MILL_2,5.0,0.19
IOL-OPT-040,10,ASSEMBLY_STATION_2,6.9,2.16
IOL-OPT-041,10,COATING_CHAMBER_3,3.5,0.4
IOL-OPT-042,10,LENS_POLISHER_3,1.6,0.22
IOL-OPT-043,10,ASSEMBLY_STATION_3,4.6,0.88
IOL-OPT-043,20,LENS_POLISHER_3,6.6,0.75
IOL-OPT-044,10,COATING_CHAMBER_3,1.6,1.13
IOL-OPT-044,20,ASSEMBLY_STATION_3,5.8,0.24
IOL-OPT-045,10,TESTING_RIG_3,4.8,1.82
IOL-OPT-045,20,ASSEMBLY_STATION_3,5.6,0.77
IOL-OPT-046,10,ASSEMBLY_STATION_3,1.3,1.46
IOL-OPT-047,10,ASSEMBLY_STATION_3,1.8,0.21
IOL-OPT-047,20,COATING_CHAMBER_3,1.3,2.15
IOL-OPT-047,30,CNC_MILL_3,5.9,1.24
IOL-OPT-048,10,TESTING_RIG_3,3.4,1.22
IOL-OPT-048,20,COATING_CHAMBER_3,5.5,0.22
IOL-OPT-049,10,CNC_MILL_3,3.6,1.6
IOL-OPT-049,20,COATING_CHAMBER_3,4.5,2.16
IOL-OPT-050,10,CNC_MILL_3,1.2,1.51
IOL-OPT-051,10,COATING_CHAMBER_3,5.5,1.2
IOL-OPT-051,20,CNC_MILL_3,4.8,2.36
IOL-OPT-051,30,LENS_POLISHER_3,3.7,2.41
IOL-OPT-052,10,LENS_POLISHER_3,2.5,1.01
IOL-OPT-052,20,TESTING_RIG_3,1.3,1.58
IOL-OPT-053,10,COATING_CHAMBER_3,5.8,0.92
IOL-OPT-053,20,ASSEMBLY_STATION_3,2.8,1.29
IOL-OPT-053,30,TESTING_RIG_3,5.9,0.94
IOL-OPT-054,10,LENS_POLISHER_3,7.8,1.42
IOL-OPT-054,20,COATING_CHAMBER_3,4.0,1.46
IOL-OPT-054,30,CNC_MILL_3,5.0,1.86
IOL-OPT-055,10,TESTING_RIG_3,4.9,0.67
IOL-OPT-055,20,LENS_POLISHER_3,5.8,1.88
IOL-OPT-056,10,ASSEMBLY_STATION_3,4.5,2.08
IOL-OPT-056,20,COATING_CHAMBER_3,3.2,2.25
IOL-OPT-056,30,TESTING_RIG_3,3.7,0.13
IOL-OPT-057,10,LENS_POLISHER_3,7.7,1.72
IOL-OPT-058,10,TESTING_RIG_3,3.1,0.89
IOL-OPT-058,20,ASSEMBLY_STATION_3,5.7,1.91
IOL-OPT-058,30,CNC_MILL_3,6.5,2.0
IOL-OPT-059,10,COATING_CHAMBER_3,8.0,0.23
IOL-OPT-060,10,CNC_MILL_3,7.8,1.75
IOL-OPT-060,20,LENS_POLISHER_3,6.9,2.18
IOL-OPT-060,30,ASSEMBLY_STATION_3,6.9,1.12
IOL-OPT-061,10,TESTING_RIG_4,2.0,1.33
IOL-OPT-061,20,ASSEMBLY_STATION_4,2.6,1.5
IOL-OPT-062,10,ASSEMBLY_STATION_4,7.4,1.52
IOL-OPT-063,10,LENS_POLISHER_4,3.6,1.79
IOL-OPT-063,20,CNC_MILL_4,2.7,0.89
IOL-OPT-064,10,TESTING_RIG_4,4.3,0.24
IOL-OPT-064,20,LENS_POLISHER_4,1.8,0.38
IOL-OPT-065,10,ASSEMBLY_STATION_4,7.7,1.0
IOL-OPT-066,10,COATING_CHAMBER_4,4.1,2.03
IOL-OPT-067,10,LENS_POLISHER_4,1.3,2.32
IOL-OPT-068,10,CNC_MILL_4,1.5,0.5
IOL-OPT-069,10,ASSEMBLY_STATION_4,3.7,1.87
IOL-OPT-070,10,CNC_MILL_4,1.7,0.91
IOL-OPT-070,20,COATING_CHAMBER_4,2.2,1.65
IOL-OPT-070,30,TESTING_RIG_4,3.7,0.65
IOL-OPT-071,10,TESTING_RIG_4,1.2,0.77
IOL-OPT-072,10,LENS_POLISHER_4,7.4,2.07
IOL-OPT-073,10,LENS_POLISHER_4,7.4,0.3
IOL-OPT-073,20,TESTING_RIG_4,7.1,1.42
IOL-OPT-074,10,COATING_CHAMBER_4,7.9,0.46
IOL-OPT-075,10,ASSEMBLY_STATION_4,6.8,1.47
IOL-OPT-076,10,TESTING_RIG_4,2.9,0.24
IOL-OPT-077,10,LENS_POLISHER_4,6.2,2.29
IOL-OPT-077,20,COATING_CHAMBER_4,5.1,1.84
IOL-OPT-078,10,TESTING_RIG_4,4.2,0.41
IOL-OPT-078,20,ASSEMBLY_STATION_4,7.7,1.55
IOL-OPT-079,10,ASSEMBLY_STATION_4,2.9,0.15
IOL-OPT-079,20,COATING_CHAMBER_4,4.5,1.24
IOL-OPT-080,10,TESTING_RIG_4,7.8,0.31
IOL-OPT-080,20,ASSEMBLY_STATION_4,6.5,1.52
IOL-OPT-080,30,CNC_MILL_4,4.4,1.11
IOL-OPT-081,10,COATING_CHAMBER_5,2.5,0.43
IOL-OPT-082,10,CNC_MILL_5,4.9,0.32
IOL-OPT-082,20,COATING_CHAMBER_5,6.1,1.41
IOL-OPT-083,10,CNC_MILL_5,7.0,2.38
IOL-OPT-084,10,COATING_CHAMBER_5,1.5,0.21
IOL-OPT-084,20,ASSEMBLY_STATION_5,5.3,0.93
IOL-OPT-085,10,LENS_POLISHER_5,4.8,1.2
IOL-OPT-085,20,CNC_MILL_5,5.1,1.06
IOL-OPT-086,10,LENS_POLISHER_5,5.7,0.51
IOL-OPT-087,10,LENS_POLISHER_5,3.4,0.93
IOL-OPT-087,20,ASSEMBLY_STATION_5,1.2,1.42
IOL-OPT-088,10,TESTING_RIG_5,3.5,1.31
IOL-OPT-089,10,TESTING_RIG_5,4.4,1.75
IOL-OPT-090,10,LENS_POLISHER_5,2.9,2.03
IOL-OPT-090,20,ASSEMBLY_STATION_5,6.2,0.54
IOL-OPT-091,10,CNC_MILL_5,4.2,1.89
IOL-OPT-091,20,TESTING_RIG_5,1.3,0.71
IOL-OPT-091,30,COATING_CHAMBER_5,6.0,2.25
IOL-OPT-092,10,ASSEMBLY_STATION_5,4.1,1.38
IOL-OPT-092,20,LENS_POLISHER_5,2.7,0.75
IOL-OPT-093,10,TESTING_RIG_5,6.9,0.31
IOL-OPT-094,10,LENS_POLISHER_5,5.2,1.73
IOL-OPT-094,20,COATING_CHAMBER_5,6.5,1.3
IOL-OPT-095,10,CNC_MILL_5,4.9,1.51
IOL-OPT-095,20,TESTING_RIG_5,5.0,1.01
IOL-OPT-095,30,LENS_POLISHER_5,3.4,2.26
IOL-OPT-096,10,LENS_POLISHER_5,3.3,2.34
IOL-OPT-096,20,CNC_MILL_5,1.1,0.64
IOL-OPT-097,10,CNC_MILL_5,3.0,0.52
IOL-OPT-097,20,TESTING_RIG_5,7.3,0.29
IOL-OPT-098,10,CNC_MILL_5,3.8,2.43
IOL-OPT-098,20,LENS_POLISHER_5,7.1,2.06
IOL-OPT-098,30,COATING_CHAMBER_5,2.8,0.51
IOL-OPT-099,10,ASSEMBLY_STATION_5,5.0,0.77
IOL-OPT-099,20,TESTING_RIG_5,6.4,0.55
IOL-OPT-099,30,COATING_CHAMBER_5,3.3,1.12
IOL-OPT-100,10,LENS_POLISHER_5,5.3,0.79
