item_id,ip_leakage_risk,supplier_disruption_risk,appropriation_risk
IOL-OPT-001,1,6,-4
IOL-OPT-002,3,5,5
IOL-OPT-003,-7,2,7
IOL-OPT-004,4,3,-2
IOL-OPT-005,-1,4,1
IOL-OPT-006,-7,-1,-2
IOL-OPT-007,-8,-8,-8
IOL-OPT-008,-4,6,7
IOL-OPT-009,0,-1,-5
IOL-OPT-010,8,2,-7
IOL-OPT-011,0,3,-8
IOL-OPT-012,2,3,6
IOL-OPT-013,6,-5,-4
IOL-OPT-014,-3,7,2
IOL-OPT-015,-6,-5,1
IOL-OPT-016,8,-4,-7
IOL-OPT-017,-4,-4,-6
IOL-OPT-018,3,-1,3
IOL-OPT-019,5,1,-4
IOL-OPT-020,2,8,-4
IOL-OPT-021,0,0,-3
IOL-OPT-022,-7,5,0
IOL-OPT-023,3,-1,-7
IOL-OPT-024,-6,0,3
IOL-OPT-025,-6,2,-6
IOL-OPT-026,-8,-8,3
IOL-OPT-027,-1,5,8
IOL-OPT-028,-1,-4,1
IOL-OPT-029,2,5,5
IOL-OPT-030,0,-5,8
IOL-OPT-031,-4,-8,8
IOL-OPT-032,5,-1,5
IOL-OPT-033,-6,6,0
IOL-OPT-034,-4,6,-1
IOL-OPT-035,-4,0,-7
IOL-OPT-036,5,0,4
IOL-OPT-037,-5,1,-2
IOL-OPT-038,4,0,0
IOL-OPT-039,1,-6,2
IOL-OPT-040,-1,2,5
IOL-OPT-041,-1,-3,-5
IOL-OPT-042,-2,-7,4
IOL-OPT-043,-1,-2,-7
IOL-OPT-044,5,-7,-4
IOL-OPT-045,-3,8,2
IOL-OPT-046,-8,2,-3
IOL-OPT-047,6,3,1
IOL-OPT-048,-8,-2,-5
IOL-OPT-049,8,-3,0
IOL-OPT-050,-8,-8,-3
IOL-OPT-051,6,8,-7
IOL-OPT-052,-7,2,8
IOL-OPT-053,5,8,-4
IOL-OPT-054,-1,-2,-3
IOL-OPT-055,-1,8,3
IOL-OPT-056,-2,0,1
IOL-OPT-057,-3,8,-3
IOL-OPT-058,-3,-1,-1
IOL-OPT-059,-6,8,-7
IOL-OPT-060,-2,-2,3
IOL-OPT-061,-1,-8,4
IOL-OPT-062,1,4,-2
IOL-OPT-063,6,8,1
IOL-OPT-064,6,4,4
IOL-OPT-065,-8,7,8
IOL-OPT-066,-2,-1,5
IOL-OPT-067,-5,-8,-7
IOL-OPT-068,-3,5,2
IOL-OPT-069,-8,6,-8
IOL-OPT-070,-4,-7,-5
IOL-OPT-071,-8,8,2
IOL-OPT-072,-5,-3,-1
IOL-OPT-073,-7,-5,2
IOL-OPT-074,1,-8,-5
IOL-OPT-075,-4,-1,8
IOL-OPT-076,1,-2,-2
IOL-OPT-077,-8,-6,-1
IOL-OPT-078,-3,1,-6
IOL-OPT-079,4,1,-7
IOL-OPT-080,6,5,6
IOL-OPT-081,-5,-7,-4
IOL-OPT-082,4,-8,-8
IOL-OPT-083,6,-2,-5
IOL-OPT-084,-1,-1,6
IOL-OPT-085,-4,-8,-6
IOL-OPT-086,6,-6,2
IOL-OPT-087,-5,-1,8
IOL-OPT-088,3,6,4
IOL-OPT-089,4,-4,2
IOL-OPT-090,-7,-6,-7
IOL-OPT-091,-5,-8,0
IOL-OPT-092,-5,6,-7
IOL-OPT-093,2,-1,0
IOL-OPT-094,-4,-7,0
IOL-OPT-095,2,-6,-1
IOL-OPT-096,1,5,8
IOL-OPT-097,-1,5,-8
IOL-OPT-098,-3,2,2
IOL-OPT-099,-3,7,-1
IOL-OPT-100,-1,-5,1
