item_id,internal_lead_time_days,vendor_lead_time_days,internal_defect_rate,vendor_defect_rate,volume_flexibility_score
IOL-OPT-001,48,38,0.014,0.042,-8
IOL-OPT-002,38,117,0.019,0.036,7
IOL-OPT-003,24,30,0.027,0.035,-2
IOL-OPT-004,52,137,0.043,0.078,-4
IOL-OPT-005,17,37,0.044,0.044,-6
IOL-OPT-006,30,117,0.01,0.074,3
IOL-OPT-007,48,92,0.03,0.058,7
IOL-OPT-008,28,40,0.027,0.068,-4
IOL-OPT-009,32,144,0.019,0.05,5
IOL-OPT-010,20,110,0.015,0.055,-4
IOL-OPT-011,20,37,0.024,0.05,6
IOL-OPT-012,33,64,0.048,0.032,8
IOL-OPT-013,45,64,0.023,0.063,5
IOL-OPT-014,49,62,0.031,0.037,-4
IOL-OPT-015,33,34,0.038,0.021,3
IOL-OPT-016,12,135,0.025,0.059,7
IOL-OPT-017,31,132,0.049,0.031,7
IOL-OPT-018,11,70,0.048,0.076,-2
IOL-OPT-019,33,57,0.02,0.077,-5
IOL-OPT-020,53,36,0.03,0.075,-8
IOL-OPT-021,39,102,0.022,0.042,-4
IOL-OPT-022,47,101,0.021,0.021,1
IOL-OPT-023,11,41,0.011,0.076,-4
IOL-OPT-024,30,63,0.034,0.046,-5
IOL-OPT-025,42,62,0.03,0.078,-7
IOL-OPT-026,21,77,0.012,0.078,1
IOL-OPT-027,31,148,0.021,0.071,-8
IOL-OPT-028,53,52,0.046,0.038,-4
IOL-OPT-029,34,91,0.02,0.043,4
IOL-OPT-030,58,117,0.016,0.071,-5
IOL-OPT-031,36,66,0.03,0.039,7
IOL-OPT-032,51,128,0.049,0.03,7
IOL-OPT-033,37,73,0.02,0.053,-7
IOL-OPT-034,25,133,0.037,0.076,8
IOL-OPT-035,24,115,0.04,0.062,3
IOL-OPT-036,56,120,0.02,0.054,-6
IOL-OPT-037,53,64,0.039,0.026,-8
IOL-OPT-038,12,94,0.025,0.057,-8
IOL-OPT-039,46,128,0.035,0.079,2
IOL-OPT-040,16,130,0.035,0.028,-4
IOL-OPT-041,30,76,0.031,0.051,3
IOL-OPT-042,18,107,0.014,0.073,-6
IOL-OPT-043,48,32,0.043,0.064,-8
IOL-OPT-044,27,30,0.023,0.062,-8
IOL-OPT-045,13,34,0.017,0.062,-1
IOL-OPT-046,34,119,0.012,0.042,1
IOL-OPT-047,23,148,0.034,0.038,2
IOL-OPT-048,59,43,0.037,0.069,3
IOL-OPT-049,18,132,0.011,0.069,4
IOL-OPT-050,35,56,0.03,0.072,3
IOL-OPT-051,11,38,0.019,0.075,5
IOL-OPT-052,29,108,0.036,0.051,-7
IOL-OPT-053,37,44,0.017,0.05,-6
IOL-OPT-054,56,119,0.038,0.068,8
IOL-OPT-055,16,71,0.025,0.059,-1
IOL-OPT-056,53,106,0.047,0.062,1
IOL-OPT-057,17,80,0.016,0.068,-7
IOL-OPT-058,56,92,0.024,0.073,0
IOL-OPT-059,44,125,0.015,0.04,-2
IOL-OPT-060,23,132,0.047,0.043,-5
IOL-OPT-061,26,142,0.045,0.026,4
IOL-OPT-062,45,81,0.02,0.055,2
IOL-OPT-063,59,125,0.036,0.022,-5
IOL-OPT-064,49,33,0.043,0.048,-5
IOL-OPT-065,13,123,0.032,0.053,1
IOL-OPT-066,11,130,0.031,0.037,-4
IOL-OPT-067,15,52,0.02,0.055,0
IOL-OPT-068,51,132,0.014,0.022,-6
IOL-OPT-069,13,138,0.046,0.022,8
IOL-OPT-070,38,44,0.046,0.069,-6
IOL-OPT-071,27,72,0.035,0.042,7
IOL-OPT-072,35,58,0.024,0.028,-5
IOL-OPT-073,53,65,0.024,0.051,8
IOL-OPT-074,43,42,0.039,0.066,-2
IOL-OPT-075,19,61,0.046,0.033,-4
IOL-OPT-076,45,100,0.045,0.057,3
IOL-OPT-077,23,88,0.041,0.025,8
IOL-OPT-078,40,144,0.036,0.023,4
IOL-OPT-079,57,115,0.013,0.052,-6
IOL-OPT-080,24,57,0.016,0.052,0
IOL-OPT-081,17,95,0.046,0.058,8
IOL-OPT-082,23,71,0.034,0.064,8
IOL-OPT-083,32,74,0.01,0.079,7
IOL-OPT-084,49,91,0.014,0.051,4
IOL-OPT-085,30,86,0.037,0.039,8
IOL-OPT-086,25,146,0.01,0.068,-5
IOL-OPT-087,54,35,0.016,0.036,3
IOL-OPT-088,27,57,0.032,0.046,0
IOL-OPT-089,56,57,0.038,0.025,3
IOL-OPT-090,33,137,0.036,0.022,0
IOL-OPT-091,35,73,0.019,0.078,-2
IOL-OPT-092,34,113,0.038,0.07,5
IOL-OPT-093,54,59,0.019,0.062,6
IOL-OPT-094,50,91,0.023,0.045,7
IOL-OPT-095,38,104,0.04,0.03,-4
IOL-OPT-096,24,148,0.036,0.029,-6
IOL-OPT-097,54,121,0.044,0.035,3
IOL-OPT-098,10,118,0.036,0.053,-5
IOL-OPT-099,34,132,0.033,0.063,7
IOL-OPT-100,16,91,0.014,0.06,-2
